customer_key,first_name,last_name,email,gender,birthdate
1,Andy,Chalice,achalice0@posterous.com,M,7/10/2021
2,Moise,Lievesley,mlievesley1@nifty.com,M,7/6/2021
3,Christopher,Capelle,ccapelle2@weebly.com,M,10/9/2020
4,Dru,Foss,dfoss3@blogspot.com,M,4/25/2021
5,Erinna,Mulran,emulran4@pagesperso-orange.fr,F,2/20/2021
6,Lloyd,Jeynes,ljeynes5@imageshack.us,M,5/1/2021
7,Joycelin,Cromar,jcromar6@jugem.jp,F,7/22/2020
8,Thatch,Crother,tcrother7@bloglines.com,M,12/22/2020
9,Amberly,Sarath,asarath8@photobucket.com,F,6/7/2021
10,Joyann,Jelkes,jjelkes9@oakley.com,F,1/18/2021
11,Barnabas,Dransfield,bdransfielda@psu.edu,M,7/13/2021
12,Sue,Dunbobbin,sdunbobbinb@about.me,F,3/19/2021
13,Kandy,Kingsbury,kkingsburyc@bandcamp.com,F,5/29/2021
14,Ree,Valder,rvalderd@linkedin.com,F,5/25/2021
15,Zackariah,Pettet,zpettete@yahoo.com,M,1/13/2021
16,Laurette,Van den Broek,lvandenbroekf@mayoclinic.com,F,5/14/2021
17,Natalya,Inggall,ninggallg@boston.com,F,2/28/2021
18,Reggy,Segrave,rsegraveh@economist.com,M,7/22/2020
19,Shanan,Gumly,sgumlyi@slideshare.net,M,7/27/2020
20,Eldredge,Woonton,ewoontonj@aboutads.info,M,10/22/2020
21,Oren,Tumulty,otumultyk@marketwatch.com,M,6/1/2021
22,Peg,Clover,pcloverl@weebly.com,F,8/9/2020
23,Pauly,Listone,plistonem@ftc.gov,M,12/2/2020
24,Niles,Olyfat,nolyfatn@over-blog.com,M,9/5/2020
25,Cherye,Vallantine,cvallantineo@nature.com,F,11/30/2020
26,Julissa,Reiach,jreiachp@altervista.org,F,11/19/2020
27,Lilah,Blanden,lblandenq@bing.com,F,12/16/2020
28,Kermie,Silcocks,ksilcocksr@usgs.gov,M,7/22/2020
29,Kyla,Reffe,kreffes@dot.gov,F,11/1/2020
30,Benson,Palffrey,bpalffreyt@mtv.com,M,3/18/2021
31,Hephzibah,Lince,hlinceu@goodreads.com,F,12/24/2020
32,Friedrick,Billborough,fbillboroughv@chron.com,M,8/2/2020
33,Mildrid,Furlong,mfurlongw@jalbum.net,F,10/15/2020
34,Padraig,Maryman,pmarymanx@umich.edu,M,8/27/2020
35,Curtis,Fredy,cfredyy@state.tx.us,M,2/2/2021
36,Elliott,Georgievski,egeorgievskiz@comcast.net,M,7/16/2021
37,Karol,De la Eglise,kdelaeglise10@opensource.org,F,12/21/2020
38,Gleda,Basketfield,gbasketfield11@whitehouse.gov,F,7/24/2020
39,Lauretta,Beaze,lbeaze12@sogou.com,F,2/25/2021
40,Lexis,Rulton,lrulton13@histats.com,F,2/13/2021
41,Fredrika,Redhouse,fredhouse14@harvard.edu,F,4/18/2021
42,Bernita,Hendron,bhendron15@nifty.com,F,12/12/2020
43,Jody,Haylor,jhaylor16@bbc.co.uk,F,9/23/2020
44,Jess,O' Scallan,joscallan17@imgur.com,F,9/26/2020
45,Paco,Decaze,pdecaze18@spiegel.de,M,1/20/2021
46,Burke,Parlor,bparlor19@friendfeed.com,M,7/11/2021
47,Ibbie,Bondley,ibondley1a@wordpress.com,F,6/9/2021
48,Merle,Maleby,mmaleby1b@hao123.com,F,8/20/2020
49,Bryce,Hanson,bhanson1c@issuu.com,M,6/2/2021
50,Roddie,Bromfield,rbromfield1d@theglobeandmail.com,M,7/18/2021
51,Jerrilyn,Wayne,jwayne1e@princeton.edu,F,4/29/2021
52,Kizzie,Muxworthy,kmuxworthy1f@smugmug.com,F,1/22/2021
53,Lorena,MacLaren,lmaclaren1g@google.co.uk,F,10/31/2020
54,Eleonora,Gilsthorpe,egilsthorpe1h@yahoo.co.jp,F,7/13/2021
55,Felizio,Bobasch,fbobasch1i@ebay.com,M,4/5/2021
56,Odo,Heningham,oheningham1j@mtv.com,M,10/29/2020
57,Madella,Baldung,mbaldung1k@imgur.com,F,10/8/2020
58,Finn,Moland,fmoland1l@msu.edu,M,8/27/2020
59,Franciskus,Calladine,fcalladine1m@vimeo.com,M,3/10/2021
60,Arch,Lewing,alewing1n@nytimes.com,M,10/21/2020
61,Henrik,Garr,hgarr1o@reuters.com,M,3/22/2021
62,Kahlil,Drayton,kdrayton1p@baidu.com,M,4/29/2021
63,Lauren,Garlinge,lgarlinge1q@creativecommons.org,F,5/20/2021
64,Louise,Crawforth,lcrawforth1r@narod.ru,F,3/7/2021
65,Siffre,Tume,stume1s@fc2.com,M,1/15/2021
66,Loraine,Baser,lbaser1t@redcross.org,F,6/4/2021
67,Bjorn,Jales,bjales1u@t.co,M,11/21/2020
68,Pren,Bird,pbird1v@w3.org,M,8/26/2020
69,Mikol,Spiring,mspiring1w@last.fm,M,1/22/2021
70,Kelcey,Ecclestone,kecclestone1x@zimbio.com,F,8/7/2020
71,Nonnah,McCandless,nmccandless1y@wired.com,F,9/15/2020
72,Nikolaos,Climson,nclimson1z@bing.com,M,1/12/2021
73,Davide,Ledgley,dledgley20@smugmug.com,M,6/24/2021
74,Rosene,Daveren,rdaveren21@issuu.com,F,11/15/2020
75,Sunny,Gottschalk,sgottschalk22@tmall.com,F,6/20/2021
76,Abelard,Dufton,adufton23@ebay.co.uk,M,8/29/2020
77,Halsy,McConnell,hmcconnell24@tinyurl.com,M,2/6/2021
78,Odo,Cominotti,ocominotti25@ca.gov,M,8/22/2020
79,Yasmeen,Brumfield,ybrumfield26@sourceforge.net,F,2/26/2021
80,Ian,Durtnel,idurtnel27@1und1.de,M,6/7/2021
81,Giulia,Loyndon,gloyndon28@etsy.com,F,4/15/2021
82,Angus,Romans,aromans29@upenn.edu,M,1/17/2021
83,Rurik,Pletts,rpletts2a@instagram.com,M,4/20/2021
84,Marten,Jarville,mjarville2b@sakura.ne.jp,M,4/5/2021
85,Sasha,Scarffe,sscarffe2c@twitpic.com,F,12/6/2020
86,Klemens,Ninnotti,kninnotti2d@seattletimes.com,M,12/26/2020
87,Malissa,Andreix,mandreix2e@blogger.com,F,8/11/2020
88,Joice,Alderman,jalderman2f@instagram.com,F,5/19/2021
89,Cecilia,Ornillos,cornillos2g@addtoany.com,F,3/5/2021
90,Alexina,Ketchell,aketchell2h@yahoo.co.jp,F,11/12/2020
91,Emilie,Gorling,egorling2i@weebly.com,F,8/12/2020
92,Eran,Coppock.,ecoppock2j@prnewswire.com,F,3/25/2021
93,Casper,Fraser,cfraser2k@webs.com,M,7/5/2021
94,Thedrick,McBrier,tmcbrier2l@seattletimes.com,M,2/19/2021
95,Dickie,Coulton,dcoulton2m@vk.com,M,1/15/2021
96,Burtie,Mackerel,bmackerel2n@creativecommons.org,M,12/16/2020
97,Berty,Scotti,bscotti2o@histats.com,M,8/25/2020
98,Templeton,Breazeall,tbreazeall2p@skype.com,M,7/26/2020
99,Bengt,Selvester,bselvester2q@twitpic.com,M,12/9/2020
100,Callean,Rulten,crulten2r@istockphoto.com,M,4/29/2021
101,Salaidh,Delhay,sdelhay2s@dot.gov,F,6/28/2021
102,Culley,Neubigging,cneubigging2t@dailymotion.com,M,4/2/2021
103,Leicester,Bambery,lbambery2u@phoca.cz,M,8/27/2020
104,Kylynn,Freckleton,kfreckleton2v@eepurl.com,F,3/24/2021
105,Eve,Tregidgo,etregidgo2w@behance.net,F,12/3/2020
106,Olia,Damsell,odamsell2x@dailymotion.com,F,10/9/2020
107,Humfrid,Dansie,hdansie2y@photobucket.com,M,2/12/2021
108,Lenci,Praill,lpraill2z@ca.gov,M,2/17/2021
109,Duane,Marrow,dmarrow30@bandcamp.com,M,4/23/2021
110,Ronna,Gibbeson,rgibbeson31@seattletimes.com,F,1/21/2021
111,Kent,Dwyer,kdwyer32@e-recht24.de,M,6/25/2021
112,Duke,Creane,dcreane33@soundcloud.com,M,12/11/2020
113,Min,Bakhrushin,mbakhrushin34@w3.org,F,12/13/2020
114,Broderick,De Gregorio,bdegregorio35@wsj.com,M,10/29/2020
115,Willy,Newe,wnewe36@altervista.org,M,2/21/2021
116,Susannah,Davydoch,sdavydoch37@nhs.uk,F,8/31/2020
117,Friedrich,Sharratt,fsharratt38@ning.com,M,8/10/2020
118,Cammy,Speers,cspeers39@blogspot.com,F,10/25/2020
119,Royall,Guynemer,rguynemer3a@imageshack.us,M,1/14/2021
120,Janean,Benech,jbenech3b@opera.com,F,7/10/2021
121,Morgun,Litherland,mlitherland3c@t-online.de,M,2/26/2021
122,Chev,Tinsey,ctinsey3d@weibo.com,M,6/22/2021
123,Rossie,Frantzen,rfrantzen3e@wordpress.com,M,1/8/2021
124,Guillaume,Todarello,gtodarello3f@unc.edu,M,8/10/2020
125,Wolf,Dooney,wdooney3g@is.gd,M,5/2/2021
126,Silvester,Neat,sneat3h@psu.edu,M,4/13/2021
127,Kasper,Vaudre,kvaudre3i@netvibes.com,M,6/9/2021
128,Bourke,Danzey,bdanzey3j@cnn.com,M,6/7/2021
129,Tann,Kender,tkender3k@fc2.com,M,5/12/2021
130,Wendie,Minichi,wminichi3l@fc2.com,F,6/26/2021
131,Eustace,Jeandot,ejeandot3m@mlb.com,M,3/16/2021
132,Dorisa,Crowthe,dcrowthe3n@sogou.com,F,9/25/2020
133,Ynez,Limpricht,ylimpricht3o@acquirethisname.com,F,7/4/2021
134,Babs,Stuck,bstuck3p@tamu.edu,F,11/18/2020
135,Raquel,Tabb,rtabb3q@cocolog-nifty.com,F,6/15/2021
136,Reid,Caldero,rcaldero3r@bluehost.com,M,10/28/2020
137,Randall,Boullen,rboullen3s@psu.edu,M,4/20/2021
138,Gregory,Blindermann,gblindermann3t@xing.com,M,7/17/2021
139,Yvor,Conyer,yconyer3u@arizona.edu,M,4/21/2021
140,Shell,Streetley,sstreetley3v@pinterest.com,M,8/9/2020
141,Isabelle,Aubry,iaubry3w@telegraph.co.uk,F,8/14/2020
142,Alida,Dykins,adykins3x@hugedomains.com,F,4/23/2021
143,Doreen,Caslake,dcaslake3y@slate.com,F,8/21/2020
144,Torrin,Matyugin,tmatyugin3z@slate.com,M,8/7/2020
145,Regine,Coraini,rcoraini40@vistaprint.com,F,12/26/2020
146,Chic,Blade,cblade41@redcross.org,M,5/9/2021
147,Kali,Reynault,kreynault42@berkeley.edu,F,7/1/2021
148,Claybourne,Jeannenet,cjeannenet43@ifeng.com,M,12/6/2020
149,Grete,Sugge,gsugge44@nature.com,F,2/20/2021
150,Benetta,Spatari,bspatari45@bravesites.com,F,1/5/2021
151,Norina,McSwan,nmcswan46@addtoany.com,F,10/14/2020
152,Esmeralda,Jorger,ejorger47@youtu.be,F,8/26/2020
153,Gaylene,Pinchback,gpinchback48@clickbank.net,F,10/7/2020
154,Otis,Eastham,oeastham49@nasa.gov,M,6/18/2021
155,Titus,Dallison,tdallison4a@devhub.com,M,7/1/2021
156,Tara,Meadley,tmeadley4b@netscape.com,F,12/27/2020
157,Herminia,Brasener,hbrasener4c@tamu.edu,F,9/13/2020
158,Jon,Tillyer,jtillyer4d@linkedin.com,M,12/18/2020
159,Mac,Munt,mmunt4e@washington.edu,M,11/20/2020
160,Mano,Spiby,mspiby4f@msu.edu,M,4/3/2021
161,Ronica,Pinshon,rpinshon4g@linkedin.com,F,1/9/2021
162,Ignazio,Giuroni,igiuroni4h@nsw.gov.au,M,11/2/2020
163,Bellina,Cresar,bcresar4i@jiathis.com,F,11/11/2020
164,Fredrika,Di Carlo,fdicarlo4j@elpais.com,F,9/25/2020
165,Daryl,Judkins,djudkins4k@theglobeandmail.com,M,12/31/2020
166,Christal,Woodier,cwoodier4l@geocities.com,F,3/2/2021
167,Barnaby,Dallimare,bdallimare4m@xinhuanet.com,M,3/1/2021
168,Sebastian,Hoodlass,shoodlass4n@livejournal.com,M,5/10/2021
169,Teresina,Emma,temma4o@google.co.uk,F,5/12/2021
170,Camey,Flitcroft,cflitcroft4p@dropbox.com,M,11/18/2020
171,Tate,Marieton,tmarieton4q@barnesandnoble.com,M,4/17/2021
172,Louis,Elloy,lelloy4r@yandex.ru,M,9/3/2020
173,Lizbeth,Yushkov,lyushkov4s@vimeo.com,F,5/2/2021
174,Neile,Richten,nrichten4t@time.com,F,12/1/2020
175,Maible,Gerhardt,mgerhardt4u@comcast.net,F,11/16/2020
176,Georgena,Venners,gvenners4v@goo.ne.jp,F,2/18/2021
177,Gav,Confort,gconfort4w@dailymotion.com,M,4/18/2021
178,Edwin,Shelmerdine,eshelmerdine4x@examiner.com,M,12/5/2020
179,Gene,Flood,gflood4y@canalblog.com,F,5/8/2021
180,Broderick,Brodway,bbrodway4z@java.com,M,4/20/2021
181,Genevieve,Balogun,gbalogun50@infoseek.co.jp,F,12/25/2020
182,Gracia,Stewartson,gstewartson51@usda.gov,F,5/27/2021
183,Ashley,Sambells,asambells52@issuu.com,M,8/20/2020
184,Brigida,Iscowitz,biscowitz53@prweb.com,F,6/2/2021
185,Phyllida,Huleatt,phuleatt54@senate.gov,F,5/11/2021
186,Mariele,Watton,mwatton55@people.com.cn,F,7/23/2020
187,Martie,Leadley,mleadley56@dropbox.com,F,11/28/2020
188,Blaire,Ratchford,bratchford57@webs.com,F,8/3/2020
189,Raymund,Delyth,rdelyth58@youku.com,M,6/30/2021
190,Karlen,Rodwell,krodwell59@pbs.org,F,10/22/2020
191,Hugo,Strotton,hstrotton5a@digg.com,M,10/27/2020
192,Dur,Byneth,dbyneth5b@google.com,M,10/11/2020
193,Magdalena,Smeal,msmeal5c@yellowbook.com,F,8/12/2020
194,Berry,Kall,bkall5d@php.net,F,11/6/2020
195,Moishe,Wiley,mwiley5e@hc360.com,M,4/28/2021
196,Keene,Millis,kmillis5f@geocities.jp,M,3/23/2021
197,Rube,Francescoccio,rfrancescoccio5g@seesaa.net,M,5/31/2021
198,Lib,Hogbourne,lhogbourne5h@mit.edu,F,1/20/2021
199,Abbye,Staig,astaig5i@columbia.edu,F,3/22/2021
200,Julina,Yo,jyo5j@wp.com,F,1/30/2021
201,Corbie,Rentilll,crentilll5k@theguardian.com,M,9/5/2020
202,Garfield,Woodrooffe,gwoodrooffe5l@newyorker.com,M,8/13/2020
203,Moyra,Davenall,mdavenall5m@squidoo.com,F,1/3/2021
204,Lonni,Pitson,lpitson5n@forbes.com,F,10/1/2020
205,Orran,Levine,olevine5o@wordpress.org,M,6/9/2021
206,Demeter,Balle,dballe5p@jalbum.net,F,11/1/2020
207,Jenelle,Braniff,jbraniff5q@archive.org,F,6/8/2021
208,Ivor,Gwillim,igwillim5r@twitpic.com,M,8/27/2020
209,Malinde,Whitefoot,mwhitefoot5s@paginegialle.it,F,4/23/2021
210,Gina,Billitteri,gbillitteri5t@desdev.cn,F,5/15/2021
211,Coralie,Arrighini,carrighini5u@imageshack.us,F,12/9/2020
212,Gaven,Minnette,gminnette5v@narod.ru,M,6/13/2021
213,Ivett,Brittlebank,ibrittlebank5w@facebook.com,F,2/25/2021
214,Chandal,Catterall,ccatterall5x@ovh.net,F,9/12/2020
215,Donal,Bahlmann,dbahlmann5y@statcounter.com,M,11/16/2020
216,Kris,Dohmann,kdohmann5z@jugem.jp,F,5/14/2021
217,Skippy,Pull,spull60@archive.org,M,4/22/2021
218,Thorin,Noton,tnoton61@jimdo.com,M,7/25/2020
219,Jose,Gildersleeve,jgildersleeve62@dropbox.com,M,6/30/2021
220,Kean,Sandhill,ksandhill63@japanpost.jp,M,2/24/2021
221,Jerri,Cescon,jcescon64@bravesites.com,M,3/11/2021
222,Toiboid,Hearse,thearse65@pen.io,M,10/11/2020
223,Melita,Whalebelly,mwhalebelly66@mediafire.com,F,1/13/2021
224,Byron,Cluitt,bcluitt67@sogou.com,M,10/24/2020
225,Mallory,Mahaddy,mmahaddy68@hibu.com,F,12/28/2020
226,Carson,Choulerton,cchoulerton69@state.tx.us,M,7/20/2020
227,Mick,Leppingwell,mleppingwell6a@epa.gov,M,8/2/2020
228,Peggy,Disbrey,pdisbrey6b@digg.com,F,6/25/2021
229,Theresina,Stiegars,tstiegars6c@g.co,F,10/26/2020
230,Elsinore,Thomtson,ethomtson6d@ucla.edu,F,3/8/2021
231,Garvin,Yegorshin,gyegorshin6e@biblegateway.com,M,7/30/2020
232,Mic,Lilliman,mlilliman6f@google.com.hk,M,11/3/2020
233,Barbara,Cadge,bcadge6g@bizjournals.com,F,5/25/2021
234,Carolynn,Lamba,clamba6h@ihg.com,F,9/7/2020
235,Camile,Ingliby,cingliby6i@is.gd,F,9/16/2020
236,Guthrey,Coneybeare,gconeybeare6j@dagondesign.com,M,10/28/2020
237,Veronike,Saker,vsaker6k@netlog.com,F,2/2/2021
238,Guglielma,Rispin,grispin6l@twitpic.com,F,10/15/2020
239,Shirlee,Clewlowe,sclewlowe6m@360.cn,F,3/21/2021
240,Adena,Bartosch,abartosch6n@japanpost.jp,F,1/31/2021
241,Merilyn,Ancliff,mancliff6o@blog.com,F,11/11/2020
242,Forrester,Marini,fmarini6p@goo.gl,M,9/9/2020
243,Heinrik,Ebbett,hebbett6q@twitpic.com,M,2/2/2021
244,Ginelle,Heckle,gheckle6r@webmd.com,F,7/3/2021
245,Tabb,Kolczynski,tkolczynski6s@phpbb.com,M,12/23/2020
246,Hedy,Chasle,hchasle6t@japanpost.jp,F,11/24/2020
247,Laurianne,O'Cannovane,locannovane6u@yellowbook.com,F,10/12/2020
248,Yasmin,O'Kielt,yokielt6v@si.edu,F,7/5/2021
249,Olivette,Ellicott,oellicott6w@sbwire.com,F,9/7/2020
250,Alister,Petyanin,apetyanin6x@yahoo.co.jp,M,6/4/2021
251,Adeline,Ganniclifft,aganniclifft6y@apple.com,F,4/25/2021
252,Gavrielle,Dunk,gdunk6z@narod.ru,F,5/24/2021
253,Gifford,Slocumb,gslocumb70@shinystat.com,M,1/2/2021
254,Martie,Linham,mlinham71@sfgate.com,F,7/11/2021
255,Hertha,Hehnke,hhehnke72@opensource.org,F,8/16/2020
256,Malissa,Shackleford,mshackleford73@independent.co.uk,F,3/2/2021
257,Jacquetta,Dobrovsky,jdobrovsky74@springer.com,F,12/25/2020
258,Jilleen,Partener,jpartener75@yolasite.com,F,11/4/2020
259,Tremain,Jermyn,tjermyn76@qq.com,M,3/30/2021
260,Fanchon,Warrillow,fwarrillow77@slashdot.org,F,6/8/2021
261,Danya,Karpol,dkarpol78@cnbc.com,M,5/31/2021
262,Timmi,Kuzma,tkuzma79@ameblo.jp,F,2/27/2021
263,Stan,Tylor,stylor7a@china.com.cn,M,1/29/2021
264,Filbert,Cullagh,fcullagh7b@miibeian.gov.cn,M,4/22/2021
265,Breanne,Burrell,bburrell7c@washington.edu,F,12/18/2020
266,Hyacinthe,Gladdin,hgladdin7d@pen.io,F,6/16/2021
267,Fax,Dansken,fdansken7e@51.la,M,7/8/2021
268,Karil,Coggings,kcoggings7f@nps.gov,F,11/22/2020
269,Moses,Basire,mbasire7g@1688.com,M,10/31/2020
270,Kincaid,Fozard,kfozard7h@mlb.com,M,12/11/2020
271,Temp,Mathiot,tmathiot7i@mashable.com,M,11/16/2020
272,Deb,Sawter,dsawter7j@paginegialle.it,F,3/24/2021
273,Currie,Duesbury,cduesbury7k@ted.com,M,6/11/2021
274,Wallis,Brendeke,wbrendeke7l@1und1.de,F,6/1/2021
275,Emerson,Fuster,efuster7m@lycos.com,M,7/29/2020
276,Ariadne,Lamb-shine,alambshine7n@ed.gov,F,4/30/2021
277,Sully,Colbert,scolbert7o@flavors.me,M,7/16/2021
278,Augy,O' Borne,aoborne7p@ucoz.ru,M,1/24/2021
279,Melisa,Nardi,mnardi7q@gizmodo.com,F,4/17/2021
280,Jocko,Dandison,jdandison7r@altervista.org,M,8/20/2020
281,Abran,Lenden,alenden7s@nature.com,M,2/27/2021
282,Elmer,Rawson,erawson7t@salon.com,M,7/13/2021
283,Luca,Matskevich,lmatskevich7u@vkontakte.ru,M,7/12/2021
284,Maribel,Dingivan,mdingivan7v@si.edu,F,7/19/2020
285,Vite,Leatt,vleatt7w@google.de,M,10/17/2020
286,Gretna,Clampin,gclampin7x@about.me,F,7/16/2021
287,Mitch,Hovert,mhovert7y@slashdot.org,M,4/30/2021
288,Allyn,Claffey,aclaffey7z@tiny.cc,F,9/6/2020
289,Vivianne,Yemm,vyemm80@oaic.gov.au,F,4/23/2021
290,Dix,Alderwick,dalderwick81@merriam-webster.com,F,2/5/2021
291,Suki,Oldcote,soldcote82@wisc.edu,F,7/15/2021
292,Leeann,Luffman,lluffman83@berkeley.edu,F,9/11/2020
293,Welsh,Deverille,wdeverille84@wunderground.com,M,6/27/2021
294,Davida,Edgcombe,dedgcombe85@elegantthemes.com,F,5/30/2021
295,Wynn,Denerley,wdenerley86@usda.gov,M,8/15/2020
296,Brandon,Reidie,breidie87@businesswire.com,M,1/1/2021
297,Elita,Bladesmith,ebladesmith88@cdbaby.com,F,3/18/2021
298,Biddie,Sabater,bsabater89@newyorker.com,F,4/24/2021
299,Norton,Baldrick,nbaldrick8a@over-blog.com,M,12/6/2020
300,Noell,Bert,nbert8b@discuz.net,F,11/11/2020
301,Brody,Lehrmann,blehrmann8c@nytimes.com,M,8/22/2020
302,Mahmoud,Blakeslee,mblakeslee8d@cloudflare.com,M,2/14/2021
303,Tabatha,Maffin,tmaffin8e@mapquest.com,F,12/5/2020
304,Paul,Lerhinan,plerhinan8f@earthlink.net,M,3/4/2021
305,Bobina,Sirman,bsirman8g@bbb.org,F,11/30/2020
306,Hobard,Docksey,hdocksey8h@ning.com,M,9/12/2020
307,Nil,McCallion,nmccallion8i@state.tx.us,M,8/7/2020
308,Jamill,Pegden,jpegden8j@about.com,M,7/6/2021
309,Valeda,Littler,vlittler8k@chicagotribune.com,F,3/6/2021
310,Mateo,Monck,mmonck8l@pbs.org,M,1/19/2021
311,Derward,Gedney,dgedney8m@mail.ru,M,1/21/2021
312,Lorin,Ibanez,libanez8n@macromedia.com,M,10/22/2020
313,Alfonse,Ashcroft,aashcroft8o@networksolutions.com,M,9/22/2020
314,Erina,Readwood,ereadwood8p@furl.net,F,9/30/2020
315,Dela,Mazzeo,dmazzeo8q@cam.ac.uk,F,11/29/2020
316,Gregory,Lumsdall,glumsdall8r@economist.com,M,2/24/2021
317,Ted,Melluish,tmelluish8s@list-manage.com,F,12/2/2020
318,Dill,Fellona,dfellona8t@wsj.com,M,5/19/2021
319,Fields,Scamerdine,fscamerdine8u@nytimes.com,M,5/10/2021
320,Binky,Bowers,bbowers8v@behance.net,M,11/18/2020
321,Kristen,Veschi,kveschi8w@newyorker.com,F,9/22/2020
322,Crissy,Anglish,canglish8x@woothemes.com,F,5/19/2021
323,Anitra,Rama,arama8y@nih.gov,F,6/1/2021
324,Morgan,Shakshaft,mshakshaft8z@theglobeandmail.com,F,9/15/2020
325,Samuel,Monument,smonument90@constantcontact.com,M,6/14/2021
326,Yolanda,Deacock,ydeacock91@constantcontact.com,F,3/11/2021
327,Claus,Winwright,cwinwright92@hexun.com,M,5/6/2021
328,Shelden,Axtens,saxtens93@nhs.uk,M,5/7/2021
329,Gasparo,Potier,gpotier94@networksolutions.com,M,10/22/2020
330,Iorgos,Malyan,imalyan95@usa.gov,M,6/25/2021
331,Luis,Meco,lmeco96@trellian.com,M,4/28/2021
332,Adolf,Wootton,awootton97@twitpic.com,M,2/25/2021
333,Mab,Wardall,mwardall98@unesco.org,F,8/13/2020
334,Ambrosius,Marqyes,amarqyes99@accuweather.com,M,7/10/2021
335,Gallagher,Passmore,gpassmore9a@mozilla.org,M,12/9/2020
336,Davidde,Giacomuzzo,dgiacomuzzo9b@salon.com,M,12/16/2020
337,Filip,Foord,ffoord9c@apple.com,M,9/8/2020
338,Connor,Whysall,cwhysall9d@adobe.com,M,6/24/2021
339,Bary,Stern,bstern9e@miibeian.gov.cn,M,10/31/2020
340,Melli,Giorgielli,mgiorgielli9f@skype.com,F,1/3/2021
341,Essie,Ivatt,eivatt9g@ezinearticles.com,F,12/20/2020
342,Quillan,Tedstone,qtedstone9h@elegantthemes.com,M,4/9/2021
343,Jimmy,Bassingden,jbassingden9i@wikia.com,M,3/4/2021
344,Hilliary,Rowney,hrowney9j@ft.com,F,2/3/2021
345,Fran,Loughead,floughead9k@ftc.gov,M,9/14/2020
346,Sinclare,Hakey,shakey9l@si.edu,M,8/31/2020
347,Nikolaus,Arnaut,narnaut9m@thetimes.co.uk,M,3/9/2021
348,Steffen,Robertelli,srobertelli9n@google.com,M,3/2/2021
349,Sonia,Dybald,sdybald9o@icq.com,F,8/18/2020
350,Patricio,Hamerton,phamerton9p@umn.edu,M,3/28/2021
351,Tomi,Amoss,tamoss9q@oaic.gov.au,F,6/26/2021
352,Kai,Cheetham,kcheetham9r@telegraph.co.uk,F,6/9/2021
353,Des,Stallwood,dstallwood9s@amazonaws.com,M,3/13/2021
354,Corly,Loverock,cloverock9t@chronoengine.com,F,7/15/2021
355,Humfried,O'Meara,homeara9u@webs.com,M,5/19/2021
356,Mortie,Duckhouse,mduckhouse9v@craigslist.org,M,10/24/2020
357,Yanaton,Craggs,ycraggs9w@auda.org.au,M,9/25/2020
358,Hyacinthie,Kenneway,hkenneway9x@photobucket.com,F,7/25/2020
359,Akim,Eastop,aeastop9y@sbwire.com,M,3/10/2021
360,Seymour,Tollfree,stollfree9z@photobucket.com,M,2/28/2021
361,Rodd,Wytchard,rwytcharda0@de.vu,M,8/27/2020
362,Barri,Matuszynski,bmatuszynskia1@nytimes.com,M,9/24/2020
363,Leslie,Ottam,lottama2@xrea.com,F,5/18/2021
364,Adorne,Berthe,aberthea3@miitbeian.gov.cn,F,1/15/2021
365,Rickard,Adamsen,radamsena4@utexas.edu,M,4/13/2021
366,Arabele,Reucastle,areucastlea5@wp.com,F,1/15/2021
367,Pasquale,Echalier,pechaliera6@w3.org,M,9/22/2020
368,Jonathon,Kall,jkalla7@behance.net,M,1/13/2021
369,Jerrylee,Fell,jfella8@vk.com,F,3/7/2021
370,Gerhard,Ielden,gieldena9@amazon.com,M,7/17/2021
371,Berne,Banstead,bbansteadaa@cargocollective.com,M,7/22/2020
372,Duffie,Eudall,deudallab@infoseek.co.jp,M,3/7/2021
373,Dianemarie,Le Gallo,dlegalloac@fastcompany.com,F,1/9/2021
374,Austen,Stoving,astovingad@edublogs.org,M,8/29/2020
375,Terrance,Kimbley,tkimbleyae@a8.net,M,1/12/2021
376,Aylmer,Cordelette,acordeletteaf@hexun.com,M,12/7/2020
377,Vina,Slisby,vslisbyag@indiatimes.com,F,6/3/2021
378,Sigismond,Vasilkov,svasilkovah@boston.com,M,8/12/2020
379,Mavis,Roycroft,mroycroftai@google.nl,F,8/30/2020
380,Johann,Olenchikov,jolenchikovaj@eepurl.com,M,7/24/2020
381,Paul,Labell,plabellak@noaa.gov,M,10/11/2020
382,Rayna,Tupling,rtuplingal@hatena.ne.jp,F,2/12/2021
383,Eliza,Audley,eaudleyam@naver.com,F,5/2/2021
384,Lorenza,Laver,llaveran@csmonitor.com,F,8/23/2020
385,Efren,Benbow,ebenbowao@mtv.com,M,3/8/2021
386,Heindrick,Dunston,hdunstonap@stumbleupon.com,M,1/7/2021
387,Vachel,Grotty,vgrottyaq@arstechnica.com,M,5/18/2021
388,Min,Troy,mtroyar@illinois.edu,F,7/16/2021
389,Gar,Crassweller,gcrasswelleras@de.vu,M,8/11/2020
390,Tasha,Corkill,tcorkillat@paginegialle.it,F,8/1/2020
391,Kerr,MacIlurick,kmacilurickau@lycos.com,M,1/24/2021
392,Cherianne,Beert,cbeertav@weibo.com,F,10/24/2020
393,Del,Ezele,dezeleaw@stanford.edu,M,7/10/2021
394,Geoffry,Trayton,gtraytonax@technorati.com,M,4/17/2021
395,Sarene,Wraggs,swraggsay@themeforest.net,F,2/17/2021
396,Averell,Lamberto,alambertoaz@devhub.com,M,4/23/2021
397,Verile,Duligall,vduligallb0@ucsd.edu,F,7/10/2021
398,Saree,Crummy,scrummyb1@vimeo.com,F,4/5/2021
399,Alanah,Bowman,abowmanb2@nature.com,F,2/20/2021
400,Ade,Duell,aduellb3@jugem.jp,M,10/30/2020
401,Coletta,Gurge,cgurgeb4@acquirethisname.com,F,7/20/2020
402,Bobine,Darville,bdarvilleb5@hao123.com,F,10/30/2020
403,Sammie,Pooley,spooleyb6@gravatar.com,M,2/23/2021
404,Trevor,Rigler,triglerb7@typepad.com,M,11/11/2020
405,Lee,Adamovitch,ladamovitchb8@eepurl.com,M,1/9/2021
406,Dina,Wybrew,dwybrewb9@feedburner.com,F,8/5/2020
407,Cos,Leggs,cleggsba@drupal.org,M,11/12/2020
408,Gradey,Boultwood,gboultwoodbb@jimdo.com,M,7/23/2020
409,Shurwood,Szymonwicz,sszymonwiczbc@pagesperso-orange.fr,M,8/5/2020
410,Cort,Kerrigan,ckerriganbd@de.vu,M,2/27/2021
411,Cliff,Mallaby,cmallabybe@ca.gov,M,3/11/2021
412,Kareem,Lardner,klardnerbf@ehow.com,M,8/19/2020
413,Vic,Ritchard,vritchardbg@europa.eu,M,8/14/2020
414,Cornall,Kruschov,ckruschovbh@oakley.com,M,4/20/2021
415,Mikol,Gorrick,mgorrickbi@mediafire.com,M,8/20/2020
416,Jamima,Pratty,jprattybj@odnoklassniki.ru,F,10/17/2020
417,Beryle,Bourchier,bbourchierbk@nih.gov,F,8/22/2020
418,Tiphanie,Carlson,tcarlsonbl@free.fr,F,12/23/2020
419,Gwennie,Stockey,gstockeybm@harvard.edu,F,5/3/2021
420,Gaylene,Lie,gliebn@gmpg.org,F,9/21/2020
421,Etti,Scrivener,escrivenerbo@webs.com,F,9/25/2020
422,Aimil,Bairnsfather,abairnsfatherbp@netvibes.com,F,11/21/2020
423,Gayler,Hallward,ghallwardbq@infoseek.co.jp,M,9/7/2020
424,Evangelin,Warsop,ewarsopbr@1688.com,F,2/6/2021
425,Cesare,Judkins,cjudkinsbs@amazon.co.jp,M,10/20/2020
426,Austin,Greson,agresonbt@themeforest.net,M,2/28/2021
427,Evyn,Rumble,erumblebu@unblog.fr,M,2/25/2021
428,Rene,Battabee,rbattabeebv@tinyurl.com,M,9/18/2020
429,Reidar,Dearell,rdearellbw@wiley.com,M,2/12/2021
430,Nickolaus,Peat,npeatbx@msn.com,M,4/3/2021
431,Dame,Curtin,dcurtinby@plala.or.jp,M,11/18/2020
432,Deana,Meader,dmeaderbz@rakuten.co.jp,F,1/17/2021
433,Correna,Withur,cwithurc0@ft.com,F,12/5/2020
434,Muhammad,Lettsom,mlettsomc1@marketwatch.com,M,5/1/2021
435,Norris,Hruska,nhruskac2@artisteer.com,M,11/10/2020
436,Teddy,Jimpson,tjimpsonc3@earthlink.net,M,10/15/2020
437,Ninnette,Dallosso,ndallossoc4@blinklist.com,F,2/23/2021
438,Aggie,Salling,asallingc5@vk.com,F,2/1/2021
439,Ingaberg,Betterton,ibettertonc6@mac.com,F,9/11/2020
440,Papagena,Corteis,pcorteisc7@example.com,F,6/21/2021
441,Angelico,Dundon,adundonc8@economist.com,M,3/27/2021
442,Melamie,Giannini,mgianninic9@geocities.com,F,1/31/2021
443,Tulley,Sadlier,tsadlierca@phpbb.com,M,1/6/2021
444,Truman,Bentley,tbentleycb@tamu.edu,M,5/2/2021
445,Rochelle,Wield,rwieldcc@house.gov,F,9/19/2020
446,Cristabel,Schoales,cschoalescd@hp.com,F,6/9/2021
447,Marybeth,Charlson,mcharlsonce@tamu.edu,F,7/17/2021
448,Bendick,Nunnery,bnunnerycf@gnu.org,M,3/11/2021
449,Isaac,Johnke,ijohnkecg@reddit.com,M,11/22/2020
450,Hunt,Emerson,hemersonch@wired.com,M,7/28/2020
451,Maggi,Alp,malpci@purevolume.com,F,11/7/2020
452,Trever,Chew,tchewcj@answers.com,M,3/20/2021
453,Maynard,Claughton,mclaughtonck@army.mil,M,10/2/2020
454,Blithe,Whittuck,bwhittuckcl@guardian.co.uk,F,10/12/2020
455,Nickolas,Peacop,npeacopcm@hud.gov,M,4/1/2021
456,Wendell,Ghilardini,wghilardinicn@seattletimes.com,M,3/14/2021
457,Olivie,Kisby,okisbyco@goodreads.com,F,4/8/2021
458,Tiffany,Arter,tartercp@statcounter.com,F,11/11/2020
459,Clem,Eaken,ceakencq@ft.com,M,5/12/2021
460,Jeanine,Blanc,jblanccr@home.pl,F,12/7/2020
461,Cross,Romi,cromics@ibm.com,M,1/19/2021
462,Hurleigh,Lanyon,hlanyonct@rediff.com,M,10/9/2020
463,Corbet,Quigley,cquigleycu@hhs.gov,M,1/23/2021
464,Paco,Packe,ppackecv@usda.gov,M,2/5/2021
465,Ode,Ortell,oortellcw@diigo.com,M,7/31/2020
466,Salvatore,Grasha,sgrashacx@aboutads.info,M,6/24/2021
467,Winthrop,Damiata,wdamiatacy@disqus.com,M,10/10/2020
468,Zane,O'Hallihane,zohallihanecz@fotki.com,M,4/14/2021
469,Shandee,Brecon,sbrecond0@php.net,F,10/12/2020
470,Lisle,Brownsworth,lbrownsworthd1@ihg.com,M,7/8/2021
471,Kim,Crighton,kcrightond2@slideshare.net,F,7/11/2021
472,Nanete,Deniske,ndenisked3@bluehost.com,F,3/8/2021
473,Gregor,Esch,geschd4@wisc.edu,M,5/4/2021
474,Gard,Goulbourn,ggoulbournd5@forbes.com,M,10/4/2020
475,Jacquette,Dashkovich,jdashkovichd6@163.com,F,11/19/2020
476,Tobi,Inglesant,tinglesantd7@amazon.de,F,12/27/2020
477,Luigi,Dunklee,ldunkleed8@clickbank.net,M,2/9/2021
478,Immanuel,Denny,idennyd9@gov.uk,M,8/17/2020
479,Danika,Coxhell,dcoxhellda@arstechnica.com,F,10/7/2020
480,Town,Jobbings,tjobbingsdb@altervista.org,M,9/12/2020
481,Jessa,O'Rudden,joruddendc@dion.ne.jp,F,12/12/2020
482,Traver,Ormes,tormesdd@java.com,M,9/9/2020
483,Viola,Tinmouth,vtinmouthde@gmpg.org,F,12/28/2020
484,Brok,Gaul,bgauldf@nytimes.com,M,4/30/2021
485,Anne-marie,Arents,aarentsdg@topsy.com,F,6/13/2021
486,Garret,Tivers,gtiversdh@squidoo.com,M,5/4/2021
487,Mariejeanne,Ruddle,mruddledi@ebay.com,F,5/4/2021
488,Svend,Aymes,saymesdj@yale.edu,M,7/24/2020
489,Ferrell,Mudie,fmudiedk@cyberchimps.com,M,7/7/2021
490,Sauveur,Goodram,sgoodramdl@newsvine.com,M,8/22/2020
491,Bradan,Culver,bculverdm@weebly.com,M,3/8/2021
492,Pier,Ballance,pballancedn@nhs.uk,F,1/28/2021
493,Peadar,Gitsham,pgitshamdo@prweb.com,M,8/31/2020
494,Anna-maria,Sproat,asproatdp@unicef.org,F,1/18/2021
495,Zsa zsa,Pareman,zparemandq@hc360.com,F,8/23/2020
496,Hayward,Mackie,hmackiedr@hostgator.com,M,10/31/2020
497,Jude,McConachie,jmcconachieds@ebay.com,M,1/28/2021
498,Sven,Hannabuss,shannabussdt@dailymail.co.uk,M,4/19/2021
499,Ally,Nelthorpe,anelthorpedu@elegantthemes.com,F,1/26/2021
500,Eliot,Terren,eterrendv@flavors.me,M,11/25/2020
501,Dene,Gledhill,dgledhilldw@linkedin.com,M,9/23/2020
502,Glenden,Featherbie,gfeatherbiedx@google.com.au,M,7/20/2020
503,Kayle,Tows,ktowsdy@wunderground.com,F,12/5/2020
504,Fran,Yeskov,fyeskovdz@cloudflare.com,F,9/4/2020
505,Amelia,Davidou,adavidoue0@gnu.org,F,8/17/2020
506,Haily,Fonteyne,hfonteynee1@biglobe.ne.jp,M,8/8/2020
507,Deloris,Camelin,dcameline2@amazon.co.jp,F,7/27/2020
508,Peggie,Titcombe,ptitcombee3@unesco.org,F,3/31/2021
509,Morse,Ashlee,mashleee4@google.nl,M,9/24/2020
510,Daile,Rizziello,drizzielloe5@businesswire.com,F,3/10/2021
511,Tirrell,Birks,tbirkse6@tinyurl.com,M,9/5/2020
512,Cyrille,Van der Spohr,cvanderspohre7@fema.gov,M,3/15/2021
513,Colas,Toomer,ctoomere8@posterous.com,M,3/9/2021
514,Alvira,Foulks,afoulkse9@biblegateway.com,F,9/23/2020
515,Maribelle,Swan,mswanea@admin.ch,F,12/21/2020
516,Godfry,Badder,gbaddereb@printfriendly.com,M,3/22/2021
517,Esmaria,Janaszkiewicz,ejanaszkiewiczec@umn.edu,F,8/12/2020
518,Dallas,Easman,deasmaned@gov.uk,F,2/19/2021
519,Linea,Harrowell,lharrowellee@baidu.com,F,1/19/2021
520,Wini,Giabucci,wgiabuccief@about.me,F,3/14/2021
521,Erinn,Dovidian,edovidianeg@house.gov,F,6/22/2021
522,Wesley,McLafferty,wmclaffertyeh@tinyurl.com,M,4/30/2021
523,Urbano,Cassella,ucassellaei@blogs.com,M,9/27/2020
524,Lock,Wloch,lwlochej@yellowpages.com,M,5/12/2021
525,Giacobo,Snoding,gsnodingek@cdbaby.com,M,10/3/2020
526,Genovera,Pagett,gpagettel@tiny.cc,F,1/16/2021
527,Rania,Farish,rfarishem@aboutads.info,F,12/8/2020
528,Jewel,McCrostie,jmccrostieen@acquirethisname.com,F,5/27/2021
529,William,Tuting,wtutingeo@about.me,M,2/1/2021
530,Erie,Nursey,enurseyep@sourceforge.net,M,5/3/2021
531,Leanna,Rodinger,lrodingereq@nydailynews.com,F,3/7/2021
532,Janean,Wilsey,jwilseyer@addtoany.com,F,3/8/2021
533,Dorothea,Swindall,dswindalles@booking.com,F,4/5/2021
534,Leanora,Kitney,lkitneyet@goo.gl,F,12/6/2020
535,Melba,Mathivon,mmathivoneu@blogger.com,F,10/15/2020
536,Hinda,Parton,hpartonev@clickbank.net,F,5/1/2021
537,Fidelio,Thorburn,fthorburnew@yelp.com,M,3/9/2021
538,Woodie,Eglaise,weglaiseex@yellowbook.com,M,3/12/2021
539,Pavlov,Arney,parneyey@amazon.co.uk,M,6/12/2021
540,Cosetta,O'Neil,coneilez@ted.com,F,5/12/2021
541,Hillary,Widmore,hwidmoref0@comsenz.com,F,11/25/2020
542,Hurley,Spencock,hspencockf1@ca.gov,M,4/7/2021
543,Thekla,Bytheway,tbythewayf2@go.com,F,9/5/2020
544,Gorden,Gauche,ggauchef3@arizona.edu,M,11/21/2020
545,Colly,Leaton,cleatonf4@bluehost.com,F,4/22/2021
546,Roze,Reisenstein,rreisensteinf5@tinypic.com,F,3/11/2021
547,Byrann,Stovold,bstovoldf6@census.gov,M,9/12/2020
548,Bernadette,Touzey,btouzeyf7@blogs.com,F,7/26/2020
549,Devan,Gouch,dgouchf8@ft.com,F,9/23/2020
550,Petra,Brunon,pbrunonf9@eepurl.com,F,3/17/2021
551,Hurleigh,Thiolier,hthiolierfa@senate.gov,M,2/11/2021
552,Yul,Bagnold,ybagnoldfb@1und1.de,M,8/18/2020
553,Barde,Grindlay,bgrindlayfc@forbes.com,M,4/30/2021
554,Jemie,Beeze,jbeezefd@mapquest.com,F,11/29/2020
555,Rufus,Fillgate,rfillgatefe@joomla.org,M,3/7/2021
556,Lesley,Abramsky,labramskyff@biblegateway.com,M,8/7/2020
557,Jarrad,Cannings,jcanningsfg@yolasite.com,M,11/25/2020
558,Angelo,Boydle,aboydlefh@freewebs.com,M,12/7/2020
559,Riley,Potteridge,rpotteridgefi@patch.com,M,9/21/2020
560,Sherman,Nono,snonofj@printfriendly.com,M,5/18/2021
561,Gawen,Hamshere,ghamsherefk@wikimedia.org,M,9/26/2020
562,Neall,Habbema,nhabbemafl@homestead.com,M,1/11/2021
563,Swen,Campbell-Dunlop,scampbelldunlopfm@accuweather.com,M,3/29/2021
564,Dotti,Spavon,dspavonfn@java.com,F,10/28/2020
565,Kelwin,Beaument,kbeaumentfo@people.com.cn,M,8/6/2020
566,Colet,Mardy,cmardyfp@abc.net.au,M,10/14/2020
567,Guthry,Boult,gboultfq@disqus.com,M,4/1/2021
568,Courtenay,Jorgensen,cjorgensenfr@cnbc.com,F,5/12/2021
569,Lauren,Yuryatin,lyuryatinfs@pagesperso-orange.fr,F,3/14/2021
570,Koressa,Zaple,kzapleft@pen.io,F,9/23/2020
571,Duncan,Jiricka,djirickafu@icq.com,M,9/3/2020
572,Omero,Mapledorum,omapledorumfv@github.io,M,6/18/2021
573,Emmott,Costain,ecostainfw@state.gov,M,11/16/2020
574,Daffi,Cartwright,dcartwrightfx@unicef.org,F,6/5/2021
575,Loutitia,Dane,ldanefy@vinaora.com,F,12/9/2020
576,Orville,Snasel,osnaselfz@bloglovin.com,M,8/4/2020
577,Meyer,Shorto,mshortog0@ted.com,M,1/19/2021
578,Ignacius,Balfour,ibalfourg1@google.com.au,M,6/21/2021
579,Lenee,Dominguez,ldominguezg2@uol.com.br,F,4/15/2021
580,Jarvis,Prestland,jprestlandg3@indiegogo.com,M,8/24/2020
581,Joela,Frederick,jfrederickg4@amazon.co.uk,F,5/27/2021
582,Ripley,Dummett,rdummettg5@creativecommons.org,M,10/2/2020
583,Barrie,Devaney,bdevaneyg6@narod.ru,M,9/21/2020
584,Codie,Guinane,cguinaneg7@google.ca,F,3/21/2021
585,Mario,Noone,mnooneg8@dailymail.co.uk,M,5/7/2021
586,Jillene,Botting,jbottingg9@weather.com,F,11/26/2020
587,Chip,Conor,cconorga@gov.uk,M,3/21/2021
588,Hatty,Posse,hpossegb@rambler.ru,F,5/13/2021
589,Terrie,Stanners,tstannersgc@people.com.cn,F,1/7/2021
590,Bat,Oller,bollergd@pbs.org,M,2/15/2021
591,Farleigh,Biset,fbisetge@ezinearticles.com,M,1/15/2021
592,Claudius,Peyntue,cpeyntuegf@tumblr.com,M,9/23/2020
593,Dav,Whapham,dwhaphamgg@wunderground.com,M,2/7/2021
594,Ethelyn,Montez,emontezgh@wufoo.com,F,1/17/2021
595,Mignonne,Mayler,mmaylergi@whitehouse.gov,F,6/6/2021
596,Celina,Dalston,cdalstongj@trellian.com,F,3/7/2021
597,Zsazsa,Fleisch,zfleischgk@wix.com,F,9/9/2020
598,Susann,Sommerville,ssommervillegl@prweb.com,F,10/28/2020
599,Teriann,Minithorpe,tminithorpegm@163.com,F,6/8/2021
600,Gerta,Odlin,godlingn@amazon.de,F,3/24/2021
601,Othella,Baal,obaalgo@marketwatch.com,F,7/4/2021
602,Nixie,Itscowics,nitscowicsgp@independent.co.uk,F,2/2/2021
603,Wilmette,Methley,wmethleygq@toplist.cz,F,12/20/2020
604,Graehme,Hodgen,ghodgengr@seesaa.net,M,7/12/2021
605,Ahmad,Ber,abergs@wordpress.org,M,7/28/2020
606,Marlane,Swigger,mswiggergt@examiner.com,F,5/9/2021
607,Darnell,Whiterod,dwhiterodgu@cnbc.com,M,11/22/2020
608,Talya,Whitty,twhittygv@unc.edu,F,7/18/2021
609,Willa,Muslim,wmuslimgw@myspace.com,F,1/6/2021
610,Phylis,Estable,pestablegx@blogs.com,F,7/15/2021
611,Sandra,Sellen,ssellengy@dion.ne.jp,F,6/5/2021
612,Cirillo,Landall,clandallgz@oracle.com,M,11/29/2020
613,Jakob,Yesichev,jyesichevh0@unc.edu,M,8/25/2020
614,Pierre,Wrangle,pwrangleh1@is.gd,M,5/4/2021
615,Lorain,Brotherwood,lbrotherwoodh2@canalblog.com,F,12/24/2020
616,Mae,Castellone,mcastelloneh3@apache.org,F,12/16/2020
617,Sydney,Theseira,stheseirah4@mozilla.com,M,12/18/2020
618,Nanny,Duplain,nduplainh5@slideshare.net,F,12/29/2020
619,Sollie,Chadwen,schadwenh6@discuz.net,M,3/10/2021
620,Cris,Lints,clintsh7@etsy.com,M,5/16/2021
621,Bram,Corley,bcorleyh8@homestead.com,M,7/24/2020
622,Bram,Punchard,bpunchardh9@ihg.com,M,3/1/2021
623,Westley,Batchan,wbatchanha@techcrunch.com,M,12/26/2020
624,Veronike,Anney,vanneyhb@mapquest.com,F,11/26/2020
625,Cyndi,Jeskins,cjeskinshc@tripod.com,F,6/27/2021
626,Rip,Southway,rsouthwayhd@over-blog.com,M,5/23/2021
627,Freeman,Reisen,freisenhe@narod.ru,M,3/7/2021
628,Eddy,Skeete,eskeetehf@tumblr.com,M,8/14/2020
629,Sigfrid,Apark,saparkhg@accuweather.com,M,7/8/2021
630,Giordano,Hamilton,ghamiltonhh@mediafire.com,M,11/27/2020
631,Base,Wintringham,bwintringhamhi@utexas.edu,M,9/6/2020
632,Alano,Blakebrough,ablakebroughhj@ca.gov,M,11/4/2020
633,Thurston,Tittletross,ttittletrosshk@phoca.cz,M,7/18/2021
634,Alexandrina,Hallows,ahallowshl@bloglovin.com,F,2/2/2021
635,Ninetta,Bench,nbenchhm@tinyurl.com,F,1/29/2021
636,Rand,Spykins,rspykinshn@w3.org,M,7/8/2021
637,Lucy,Grece,lgreceho@wix.com,F,11/8/2020
638,Hilde,MacNockater,hmacnockaterhp@ustream.tv,F,12/29/2020
639,Glori,Reggler,gregglerhq@photobucket.com,F,6/21/2021
640,Godart,Braga,gbragahr@etsy.com,M,4/14/2021
641,Dion,Southan,dsouthanhs@webmd.com,M,1/13/2021
642,Field,Haythorne,fhaythorneht@tmall.com,M,5/9/2021
643,Arvy,Cantor,acantorhu@tmall.com,M,10/10/2020
644,Raleigh,Fitton,rfittonhv@hostgator.com,M,11/12/2020
645,Odille,Spink,ospinkhw@cdbaby.com,F,12/16/2020
646,Karolina,Robbey,krobbeyhx@wisc.edu,F,5/23/2021
647,Terza,Fuggles,tfuggleshy@bloomberg.com,F,7/24/2020
648,Alyse,Drohan,adrohanhz@purevolume.com,F,6/21/2021
649,Timoteo,Brookzie,tbrookziei0@wiley.com,M,1/31/2021
650,Dev,Milliken,dmillikeni1@plala.or.jp,M,1/19/2021
651,Thaddus,Kervin,tkervini2@adobe.com,M,2/6/2021
652,Monty,Gouldthorpe,mgouldthorpei3@tmall.com,M,5/14/2021
653,Gipsy,Garlinge,ggarlingei4@google.nl,F,12/31/2020
654,Lyell,Schiementz,lschiementzi5@aol.com,M,1/21/2021
655,Garvin,Gooderridge,ggooderridgei6@tripadvisor.com,M,7/28/2020
656,Paolina,Saice,psaicei7@1688.com,F,4/20/2021
657,Valli,Philcock,vphilcocki8@drupal.org,F,4/13/2021
658,Mommy,Kingswood,mkingswoodi9@google.co.uk,F,8/21/2020
659,Perice,Peery,ppeeryia@sphinn.com,M,5/6/2021
660,York,Alessandrucci,yalessandrucciib@elegantthemes.com,M,12/25/2020
661,Marty,Lening,mleningic@nih.gov,M,2/28/2021
662,Mimi,Shallow,mshallowid@infoseek.co.jp,F,5/24/2021
663,Tressa,Mc Combe,tmccombeie@cyberchimps.com,F,8/5/2020
664,Sandie,Exrol,sexrolif@goodreads.com,F,11/10/2020
665,Doy,Stones,dstonesig@tuttocitta.it,M,3/17/2021
666,Zandra,Blunden,zblundenih@scribd.com,F,2/20/2021
667,Jermayne,Arrigo,jarrigoii@rakuten.co.jp,M,6/11/2021
668,Isidro,Towlson,itowlsonij@is.gd,M,3/9/2021
669,Bel,Labbett,blabbettik@google.nl,F,7/8/2021
670,Fowler,Guye,fguyeil@google.cn,M,6/21/2021
671,Brandyn,Hawkins,bhawkinsim@free.fr,M,6/14/2021
672,Garry,Cast,gcastin@networksolutions.com,M,2/21/2021
673,Newton,Beeckx,nbeeckxio@networkadvertising.org,M,12/23/2020
674,Shalna,Gilder,sgilderip@multiply.com,F,3/22/2021
675,Daven,Scammell,dscammelliq@nymag.com,M,7/24/2020
676,Beale,Crammy,bcrammyir@gizmodo.com,M,1/4/2021
677,Corbin,Canwell,ccanwellis@soundcloud.com,M,5/12/2021
678,Glen,Blanchflower,gblanchflowerit@google.cn,M,4/6/2021
679,Dulciana,Ellor,delloriu@bravesites.com,F,12/14/2020
680,Mick,Dedney,mdedneyiv@dmoz.org,M,12/25/2020
681,Peadar,Garriock,pgarriockiw@merriam-webster.com,M,5/3/2021
682,Alvie,Trengrouse,atrengrouseix@sohu.com,M,1/6/2021
683,Jeffy,Feedome,jfeedomeiy@de.vu,M,10/13/2020
684,Isiahi,Alexander,ialexanderiz@adobe.com,M,4/1/2021
685,Simmonds,Heams,sheamsj0@twitpic.com,M,3/20/2021
686,Elspeth,Dods,edodsj1@taobao.com,F,1/19/2021
687,Zebulon,Anthill,zanthillj2@de.vu,M,1/5/2021
688,Leonid,Plampin,lplampinj3@whitehouse.gov,M,9/5/2020
689,Lauren,Leeb,lleebj4@behance.net,M,10/7/2020
690,Mariquilla,Hallibone,mhallibonej5@un.org,F,11/26/2020
691,Kenneth,Palatini,kpalatinij6@wiley.com,M,4/1/2021
692,Gerrie,Sutherley,gsutherleyj7@admin.ch,M,1/8/2021
693,Thomas,Ladyman,tladymanj8@mail.ru,M,5/11/2021
694,Garey,Leonards,gleonardsj9@japanpost.jp,M,3/24/2021
695,Ezra,Wiley,ewileyja@aol.com,M,12/11/2020
696,Dick,Draisey,ddraiseyjb@shutterfly.com,M,7/28/2020
697,Maryellen,Heinemann,mheinemannjc@yellowpages.com,F,8/7/2020
698,Leisha,Salzen,lsalzenjd@princeton.edu,F,9/22/2020
699,Stefan,Marchment,smarchmentje@freewebs.com,M,10/11/2020
700,Hughie,Greenhalgh,hgreenhalghjf@youtu.be,M,1/21/2021
701,Valentine,Posvner,vposvnerjg@washington.edu,M,4/29/2021
702,Arther,Poag,apoagjh@weibo.com,M,1/11/2021
703,Milissent,Ruberti,mrubertiji@usatoday.com,F,10/5/2020
704,Teriann,Verner,tvernerjj@yandex.ru,F,10/15/2020
705,Evelina,Adger,eadgerjk@bloomberg.com,F,6/7/2021
706,Dell,Holby,dholbyjl@craigslist.org,F,7/9/2021
707,Mirabelle,Deniscke,mdenisckejm@blogspot.com,F,1/2/2021
708,Jen,Gerbi,jgerbijn@bluehost.com,F,10/7/2020
709,Clem,Cattenach,ccattenachjo@sfgate.com,F,5/11/2021
710,Minerva,Merit,mmeritjp@hugedomains.com,F,4/26/2021
711,Daryn,Cristofaro,dcristofarojq@google.co.jp,F,7/24/2020
712,Ross,Mawtus,rmawtusjr@geocities.com,M,6/13/2021
713,Janaya,Liggons,jliggonsjs@smh.com.au,F,3/21/2021
714,Heda,Picardo,hpicardojt@independent.co.uk,F,5/31/2021
715,Bobbette,Basile,bbasileju@opera.com,F,10/7/2020
716,Riccardo,Dibdin,rdibdinjv@shutterfly.com,M,10/19/2020
717,Dal,Bunnell,dbunnelljw@guardian.co.uk,M,8/4/2020
718,Hernando,Miguet,hmiguetjx@xinhuanet.com,M,9/8/2020
719,Richard,Bridie,rbridiejy@ebay.com,M,3/3/2021
720,Gerianne,Attkins,gattkinsjz@seattletimes.com,F,1/8/2021
721,Emalia,Rasell,erasellk0@hexun.com,F,1/22/2021
722,Amandi,Blundin,ablundink1@unblog.fr,F,12/25/2020
723,Hildegaard,Buten,hbutenk2@dedecms.com,F,1/5/2021
724,Cyndi,Mallett,cmallettk3@networksolutions.com,F,1/25/2021
725,Arielle,Baiden,abaidenk4@wsj.com,F,11/14/2020
726,Nannie,Ghiotto,nghiottok5@digg.com,F,11/19/2020
727,Robert,Bourrel,rbourrelk6@eventbrite.com,M,8/8/2020
728,Chester,Cotta,ccottak7@accuweather.com,M,6/9/2021
729,Sheryl,Coleridge,scoleridgek8@com.com,F,8/9/2020
730,Alfy,Coucha,acouchak9@topsy.com,F,9/20/2020
731,Tedi,Perrin,tperrinka@blinklist.com,F,2/25/2021
732,Kurt,Siggs,ksiggskb@hexun.com,M,11/1/2020
733,Sargent,Alabastar,salabastarkc@engadget.com,M,6/29/2021
734,Kevin,Della,kdellakd@ezinearticles.com,M,10/27/2020
735,Deeann,Silwood,dsilwoodke@cargocollective.com,F,6/15/2021
736,Wanids,Bruce,wbrucekf@usda.gov,F,3/24/2021
737,Neal,Aubury,nauburykg@sphinn.com,M,3/22/2021
738,Lucille,Hoyer,lhoyerkh@si.edu,F,10/5/2020
739,Meridith,Ungaretti,mungarettiki@xinhuanet.com,F,6/11/2021
740,Pam,Takos,ptakoskj@live.com,F,7/7/2021
741,Jean,Sangar,jsangarkk@de.vu,F,1/12/2021
742,Hi,Luton,hlutonkl@google.com,M,2/25/2021
743,Wynn,Fripp,wfrippkm@sphinn.com,F,5/26/2021
744,Lanna,Satford,lsatfordkn@cloudflare.com,F,6/18/2021
745,Forrest,Klais,fklaisko@aol.com,M,12/2/2020
746,Mata,Martinyuk,mmartinyukkp@ibm.com,M,4/1/2021
747,Den,McCane,dmccanekq@booking.com,M,4/21/2021
748,Bartholomeo,Lomond,blomondkr@webs.com,M,4/10/2021
749,Abelard,Truss,atrussks@hc360.com,M,9/28/2020
750,Yancey,Zealy,yzealykt@google.ru,M,10/27/2020
751,Bryana,Woodstock,bwoodstockku@fda.gov,F,5/23/2021
752,Myra,Crab,mcrabkv@pagesperso-orange.fr,F,12/27/2020
753,Mauricio,Holdren,mholdrenkw@illinois.edu,M,8/21/2020
754,Stillmann,Hesbrook,shesbrookkx@cbc.ca,M,11/22/2020
755,Riva,Enderlein,renderleinky@linkedin.com,F,11/10/2020
756,Gayle,Edgell,gedgellkz@wired.com,M,12/30/2020
757,Lennard,McQuilkin,lmcquilkinl0@nature.com,M,8/1/2020
758,Ulrikaumeko,Kenen,ukenenl1@goo.ne.jp,F,9/29/2020
759,Yorker,Domenc,ydomencl2@bloglines.com,M,7/22/2020
760,Gwennie,Ubsdell,gubsdelll3@shop-pro.jp,F,2/10/2021
761,Ulrich,Gainsbury,ugainsburyl4@edublogs.org,M,12/26/2020
762,Kali,Creber,kcreberl5@nifty.com,F,9/5/2020
763,Tatiana,Drejer,tdrejerl6@networksolutions.com,F,5/1/2021
764,Claretta,Stables,cstablesl7@cpanel.net,F,3/19/2021
765,Terencio,Joblin,tjoblinl8@slate.com,M,6/18/2021
766,Dniren,Pourveer,dpourveerl9@zimbio.com,F,8/19/2020
767,Olly,Hebburn,ohebburnla@foxnews.com,M,2/18/2021
768,Bernette,Dorian,bdorianlb@google.ru,F,3/6/2021
769,Gerri,Monteith,gmonteithlc@taobao.com,F,3/29/2021
770,Amabel,Tongs,atongsld@mac.com,F,12/8/2020
771,Salmon,Korting,skortingle@friendfeed.com,M,6/23/2021
772,Yorgos,Searles,ysearleslf@addtoany.com,M,10/11/2020
773,Cece,Selborne,cselbornelg@dropbox.com,M,6/1/2021
774,Pearce,Ellaway,pellawaylh@blogs.com,M,1/14/2021
775,Haslett,Barz,hbarzli@google.co.jp,M,10/25/2020
776,Radcliffe,Dufoure,rdufourelj@ucla.edu,M,7/27/2020
777,Johnathon,Slateford,jslatefordlk@symantec.com,M,10/5/2020
778,Devin,Scotchmur,dscotchmurll@issuu.com,F,12/6/2020
779,Spense,Dillamore,sdillamorelm@weibo.com,M,8/6/2020
780,Maggee,Schohier,mschohierln@php.net,F,7/27/2020
781,Rozalie,McClosh,rmccloshlo@sfgate.com,F,9/29/2020
782,Adina,Dunderdale,adunderdalelp@deliciousdays.com,F,1/17/2021
783,Crosby,Sinnie,csinnielq@reference.com,M,3/21/2021
784,Richardo,Ainsworth,rainsworthlr@virginia.edu,M,7/14/2021
785,Claudianus,Vernon,cvernonls@hatena.ne.jp,M,10/23/2020
786,Modesta,Pargiter,mpargiterlt@ox.ac.uk,F,3/27/2021
787,Nev,Frankham,nfrankhamlu@netlog.com,M,3/20/2021
788,Camila,Carnier,ccarnierlv@youtu.be,F,12/4/2020
789,Donia,Berntsson,dberntssonlw@technorati.com,F,5/12/2021
790,Micheline,Treadger,mtreadgerlx@qq.com,F,12/19/2020
791,Erena,Widger,ewidgerly@gov.uk,F,3/23/2021
792,Petunia,Challen,pchallenlz@soundcloud.com,F,5/4/2021
793,Sissie,Rappoport,srappoportm0@plala.or.jp,F,1/28/2021
794,Oby,Karpov,okarpovm1@dropbox.com,M,2/12/2021
795,Torie,Patty,tpattym2@bandcamp.com,F,12/11/2020
796,Morissa,Rewbottom,mrewbottomm3@bravesites.com,F,2/20/2021
797,Tremayne,Reyna,treynam4@bbc.co.uk,M,3/12/2021
798,Rebekah,Dawtry,rdawtrym5@cbslocal.com,F,6/12/2021
799,Rex,Haton,rhatonm6@shop-pro.jp,M,3/10/2021
800,Noe,Lilian,nlilianm7@ftc.gov,M,5/24/2021
801,Molli,Robey,mrobeym8@wikimedia.org,F,3/14/2021
802,Jermayne,Sheals,jshealsm9@craigslist.org,M,12/28/2020
803,Alexandros,Smouten,asmoutenma@w3.org,M,3/4/2021
804,Mavis,Millership,mmillershipmb@networkadvertising.org,F,11/17/2020
805,Vernice,Crookes,vcrookesmc@irs.gov,F,5/11/2021
806,Mable,Kimmins,mkimminsmd@ihg.com,F,11/15/2020
807,Hayes,Fuidge,hfuidgeme@canalblog.com,M,8/24/2020
808,Nowell,MacIlurick,nmacilurickmf@google.cn,M,11/4/2020
809,Arley,Trythall,atrythallmg@hibu.com,M,11/22/2020
810,Haley,Fuchs,hfuchsmh@surveymonkey.com,M,10/24/2020
811,Ancell,Tilney,atilneymi@naver.com,M,4/28/2021
812,Feodora,Kissell,fkissellmj@google.pl,F,8/27/2020
813,Cale,Simenon,csimenonmk@bigcartel.com,M,1/3/2021
814,Harrie,Scardifeild,hscardifeildml@aol.com,F,5/8/2021
815,Renate,O'Lahy,rolahymm@unc.edu,F,10/28/2020
816,Bealle,Dayer,bdayermn@phpbb.com,M,4/6/2021
817,Ephrem,Daal,edaalmo@imgur.com,M,11/26/2020
818,Sollie,Hannond,shannondmp@paypal.com,M,10/26/2020
819,Keefer,Cossell,kcossellmq@rambler.ru,M,3/6/2021
820,Dorine,Heard,dheardmr@smh.com.au,F,1/1/2021
821,Sterne,Leads,sleadsms@yellowbook.com,M,8/15/2020
822,Court,Strass,cstrassmt@un.org,M,5/27/2021
823,Currie,Ballsdon,cballsdonmu@barnesandnoble.com,M,3/1/2021
824,Andy,Sired,asiredmv@ustream.tv,M,9/17/2020
825,Talya,Sigart,tsigartmw@amazon.co.jp,F,4/5/2021
826,Dehlia,Albertson,dalbertsonmx@patch.com,F,8/23/2020
827,Toni,Sancraft,tsancraftmy@time.com,F,12/9/2020
828,Constantino,Denziloe,cdenziloemz@joomla.org,M,6/19/2021
829,Winifield,Cavnor,wcavnorn0@businessinsider.com,M,12/3/2020
830,Charlie,MacGill,cmacgilln1@jiathis.com,M,2/16/2021
831,Amelie,Pashan,apashann2@businesswire.com,F,5/8/2021
832,Lowe,Tribble,ltribblen3@sphinn.com,M,1/13/2021
833,Demetri,Tolliday,dtollidayn4@ifeng.com,M,1/11/2021
834,Kirbie,Grindrod,kgrindrodn5@globo.com,F,6/24/2021
835,Dolly,Chadburn,dchadburnn6@mapquest.com,F,11/9/2020
836,Dolly,Horning,dhorningn7@artisteer.com,F,9/23/2020
837,Tyrus,Mc Mechan,tmcmechann8@xinhuanet.com,M,8/16/2020
838,Claire,Trigg,ctriggn9@jimdo.com,M,1/2/2021
839,Jared,Imlin,jimlinna@ask.com,M,10/11/2020
840,Cloe,Filippello,cfilippellonb@deliciousdays.com,F,9/1/2020
841,Paulette,Jouanot,pjouanotnc@discuz.net,F,1/17/2021
842,Simeon,Pinshon,spinshonnd@cnn.com,M,10/8/2020
843,Lucy,Maseyk,lmaseykne@geocities.com,F,3/18/2021
844,Edith,Hessay,ehessaynf@gizmodo.com,F,6/3/2021
845,Cybill,Jurkowski,cjurkowsking@nps.gov,F,3/7/2021
846,Dannye,Kinnett,dkinnettnh@cpanel.net,F,1/13/2021
847,Karalee,Edmeads,kedmeadsni@infoseek.co.jp,F,2/6/2021
848,Wyatan,Freeberne,wfreebernenj@hatena.ne.jp,M,10/24/2020
849,Odo,Treven,otrevennk@skyrock.com,M,1/25/2021
850,Yelena,Dashkovich,ydashkovichnl@oaic.gov.au,F,11/29/2020
851,Bren,Watting,bwattingnm@smh.com.au,F,10/23/2020
852,Teri,Sigward,tsigwardnn@deliciousdays.com,F,8/10/2020
853,Germayne,Paolicchi,gpaolicchino@tripod.com,M,7/29/2020
854,Rayna,Boness,rbonessnp@netlog.com,F,10/3/2020
855,Dorie,Harvard,dharvardnq@mtv.com,M,9/17/2020
856,Jennine,Brogini,jbrogininr@ameblo.jp,F,11/11/2020
857,Eal,Maypes,emaypesns@craigslist.org,M,8/29/2020
858,Devonna,Carmichael,dcarmichaelnt@nymag.com,F,5/31/2021
859,Del,Egdell,degdellnu@theatlantic.com,M,8/7/2020
860,Thadeus,O'Halloran,tohallorannv@feedburner.com,M,8/21/2020
861,Artair,Shewsmith,ashewsmithnw@scribd.com,M,7/15/2021
862,Binny,Jobke,bjobkenx@spiegel.de,F,7/27/2020
863,Marlowe,Arnfield,marnfieldny@zdnet.com,M,11/8/2020
864,Glynis,Nobles,gnoblesnz@hugedomains.com,F,7/12/2021
865,Mallissa,Archard,marchardo0@auda.org.au,F,10/2/2020
866,Barris,Ketley,bketleyo1@tripod.com,M,4/23/2021
867,Catriona,Courteney,ccourteneyo2@cargocollective.com,F,4/1/2021
868,Melly,Mewton,mmewtono3@miitbeian.gov.cn,F,6/20/2021
869,Shermy,Macewan,smacewano4@vistaprint.com,M,5/1/2021
870,Cindee,Baumford,cbaumfordo5@ustream.tv,F,7/6/2021
871,Davon,Glamart,dglamarto6@woothemes.com,M,7/19/2020
872,Adelaide,Rupert,aruperto7@surveymonkey.com,F,3/26/2021
873,Teddy,Besque,tbesqueo8@alibaba.com,M,1/29/2021
874,Maxine,Aizkovitch,maizkovitcho9@slideshare.net,F,10/5/2020
875,Field,Norbury,fnorburyoa@squarespace.com,M,7/2/2021
876,Rosemary,Ivetts,rivettsob@people.com.cn,F,3/26/2021
877,Webster,Morais,wmoraisoc@yandex.ru,M,10/22/2020
878,Jillene,Bream,jbreamod@rambler.ru,F,5/12/2021
879,Reinhold,Elwel,relweloe@gnu.org,M,2/19/2021
880,Vernen,Sibbson,vsibbsonof@w3.org,M,6/8/2021
881,Babb,Umney,bumneyog@paypal.com,F,2/19/2021
882,Goddard,McKane,gmckaneoh@hc360.com,M,2/19/2021
883,Wallis,Berrigan,wberriganoi@craigslist.org,M,3/3/2021
884,Skipp,Lamball,slamballoj@utexas.edu,M,6/22/2021
885,Konrad,Ellam,kellamok@histats.com,M,7/9/2021
886,Nikolai,Gregolotti,ngregolottiol@t.co,M,11/15/2020
887,Ahmed,Magson,amagsonom@printfriendly.com,M,6/25/2021
888,Raddy,Brignall,rbrignallon@cafepress.com,M,6/27/2021
889,Webb,Brickwood,wbrickwoodoo@paginegialle.it,M,6/5/2021
890,Dominique,Gouldthorpe,dgouldthorpeop@ifeng.com,F,7/7/2021
891,Verene,Roggeman,vroggemanoq@bluehost.com,F,6/10/2021
892,Jeramey,Andric,jandricor@google.ca,M,11/20/2020
893,Hymie,Samudio,hsamudioos@illinois.edu,M,5/8/2021
894,Vida,Serle,vserleot@imgur.com,F,6/22/2021
895,Darb,Packwood,dpackwoodou@samsung.com,F,6/16/2021
896,Avril,Vasnetsov,avasnetsovov@google.com.hk,F,9/30/2020
897,Ki,Ashness,kashnessow@exblog.jp,F,3/28/2021
898,Ole,Cramphorn,ocramphornox@reddit.com,M,7/23/2020
899,Marian,Cianelli,mcianellioy@nytimes.com,F,4/15/2021
900,Donavon,Flint,dflintoz@cbsnews.com,M,8/1/2020
901,Maxim,Gemlett,mgemlettp0@dropbox.com,M,3/15/2021
902,Xenia,Bonder,xbonderp1@t.co,F,8/27/2020
903,Judie,Elflain,jelflainp2@sphinn.com,F,9/23/2020
904,Otho,Enright,oenrightp3@dropbox.com,M,9/15/2020
905,Heall,Yakubov,hyakubovp4@cbc.ca,M,7/21/2020
906,Johnath,Espinay,jespinayp5@salon.com,F,10/29/2020
907,Jacquelynn,Abry,jabryp6@usgs.gov,F,1/13/2021
908,Barbra,Snow,bsnowp7@ehow.com,F,12/4/2020
909,Rosemaria,Hinchshaw,rhinchshawp8@bloglines.com,F,4/30/2021
910,Ludvig,Deakins,ldeakinsp9@mayoclinic.com,M,11/30/2020
911,Palmer,Mannering,pmanneringpa@paginegialle.it,M,9/18/2020
912,Denise,Edger,dedgerpb@senate.gov,F,3/27/2021
913,Barbabas,Ramsell,bramsellpc@twitter.com,M,11/21/2020
914,Jessalyn,Dengel,jdengelpd@dell.com,F,3/24/2021
915,Myrtle,Brundale,mbrundalepe@facebook.com,F,3/28/2021
916,Marven,Dawley,mdawleypf@imgur.com,M,5/29/2021
917,Waverly,Barg,wbargpg@dion.ne.jp,M,2/24/2021
918,Andros,Clewlowe,aclewloweph@deviantart.com,M,10/24/2020
919,Cathe,Coslitt,ccoslittpi@eepurl.com,F,2/16/2021
920,Johan,Bowcher,jbowcherpj@loc.gov,M,8/14/2020
921,Randolf,Hounson,rhounsonpk@nydailynews.com,M,7/3/2021
922,Danila,Rosetti,drosettipl@miibeian.gov.cn,F,7/20/2020
923,Farris,Forsey,fforseypm@examiner.com,M,6/28/2021
924,Dirk,Walkinshaw,dwalkinshawpn@seattletimes.com,M,11/6/2020
925,Dudley,Stit,dstitpo@goo.ne.jp,M,11/5/2020
926,Fan,Fattorini,ffattorinipp@opera.com,F,6/10/2021
927,Lanette,Triggel,ltriggelpq@ox.ac.uk,F,3/7/2021
928,Gillan,Ormond,gormondpr@cbsnews.com,F,12/11/2020
929,Frazer,Gamblin,fgamblinps@wordpress.com,M,2/25/2021
930,Brynn,von Nassau,bvonnassaupt@sohu.com,F,11/26/2020
931,Iain,Disdel,idisdelpu@bravesites.com,M,9/19/2020
932,Ives,Bramsom,ibramsompv@nyu.edu,M,8/22/2020
933,Dorette,Boothman,dboothmanpw@ted.com,F,9/27/2020
934,Adolph,Overal,aoveralpx@weibo.com,M,6/13/2021
935,Matthaeus,Leng,mlengpy@mozilla.org,M,2/8/2021
936,Walther,Runacres,wrunacrespz@example.com,M,3/16/2021
937,Leyla,Taphouse,ltaphouseq0@nbcnews.com,F,10/12/2020
938,Barbette,Snasel,bsnaselq1@earthlink.net,F,9/30/2020
939,Auguste,McMearty,amcmeartyq2@yahoo.com,F,8/2/2020
940,Rikki,Pow,rpowq3@eventbrite.com,F,4/27/2021
941,Averil,Beaulieu,abeaulieuq4@mozilla.org,F,7/14/2021
942,Leonie,Annand,lannandq5@comcast.net,F,5/7/2021
943,Val,Battson,vbattsonq6@shop-pro.jp,F,10/1/2020
944,Patricia,Hackey,phackeyq7@amazon.de,F,4/25/2021
945,Darrel,Perone,dperoneq8@feedburner.com,M,3/4/2021
946,Alys,Treffry,atreffryq9@upenn.edu,F,1/16/2021
947,Thatch,Abelson,tabelsonqa@mac.com,M,1/16/2021
948,Harrietta,O'Lochan,holochanqb@illinois.edu,F,2/26/2021
949,Nicolea,Edinburgh,nedinburghqc@google.ca,F,5/23/2021
950,Ambur,Capstaff,acapstaffqd@bing.com,F,4/8/2021
951,Elie,Tuck,etuckqe@mozilla.org,F,3/2/2021
952,Duke,Jukubczak,djukubczakqf@sohu.com,M,6/11/2021
953,Norma,Poletto,npolettoqg@psu.edu,F,8/22/2020
954,Sandye,Batho,sbathoqh@economist.com,F,2/28/2021
955,Currie,Mulliner,cmullinerqi@opera.com,M,7/19/2020
956,Adara,Hunnybun,ahunnybunqj@uiuc.edu,F,11/12/2020
957,Teodora,Thouless,tthoulessqk@jimdo.com,F,5/21/2021
958,Thedrick,Ingyon,tingyonql@storify.com,M,6/7/2021
959,Winifield,Corstan,wcorstanqm@github.io,M,12/9/2020
960,Marcellus,Rupert,mrupertqn@yolasite.com,M,7/8/2021
961,Artemis,Pullinger,apullingerqo@flickr.com,M,9/8/2020
962,Jorge,Smithers,jsmithersqp@nhs.uk,M,6/15/2021
963,Caz,Scrafton,cscraftonqq@salon.com,M,10/5/2020
964,Holly-anne,Ramelot,hramelotqr@discovery.com,F,11/22/2020
965,Kelbee,Ferschke,kferschkeqs@4shared.com,M,3/12/2021
966,Delia,Glader,dgladerqt@addtoany.com,F,1/15/2021
967,Lucias,Grayshan,lgrayshanqu@skype.com,M,10/17/2020
968,Adriano,Dunford,adunfordqv@mail.ru,M,1/17/2021
969,Vaughan,Rhelton,vrheltonqw@topsy.com,M,10/9/2020
970,Parke,Wareham,pwarehamqx@discovery.com,M,3/25/2021
971,Hastings,Ashfull,hashfullqy@chron.com,M,1/14/2021
972,Ramsey,Bessey,rbesseyqz@wufoo.com,M,9/17/2020
973,Sumner,Skews,sskewsr0@scientificamerican.com,M,3/24/2021
974,Luca,Le Estut,lleestutr1@chronoengine.com,M,6/10/2021
975,Callie,Fawloe,cfawloer2@yale.edu,F,3/9/2021
976,Consuelo,Rennix,crennixr3@acquirethisname.com,F,12/6/2020
977,Hobie,Widdows,hwiddowsr4@bandcamp.com,M,8/20/2020
978,Penny,Dehmel,pdehmelr5@vk.com,F,11/11/2020
979,Julina,Swire,jswirer6@printfriendly.com,F,4/6/2021
980,Sumner,Ody,sodyr7@google.com.br,M,5/22/2021
981,Kimmi,Vanyukhin,kvanyukhinr8@unicef.org,F,4/29/2021
982,Sheff,Scotchmur,sscotchmurr9@tumblr.com,M,4/11/2021
983,Zacharias,Almey,zalmeyra@rediff.com,M,12/21/2020
984,Drusy,Cosser,dcosserrb@creativecommons.org,F,2/26/2021
985,Stanford,Hibbart,shibbartrc@seesaa.net,M,9/12/2020
986,Gigi,Secretan,gsecretanrd@washingtonpost.com,F,9/30/2020
987,Papageno,Yourell,pyourellre@ox.ac.uk,M,5/14/2021
988,Danette,Queenborough,dqueenboroughrf@constantcontact.com,F,12/10/2020
989,Dodie,Minmagh,dminmaghrg@ocn.ne.jp,F,3/11/2021
990,Collette,Stelle,cstellerh@mac.com,F,9/16/2020
991,Trista,Dominetti,tdominettiri@twitpic.com,F,12/26/2020
992,Wallas,Collcott,wcollcottrj@time.com,M,6/27/2021
993,Jamey,Bailey,jbaileyrk@yahoo.com,M,11/12/2020
994,Bobby,Cheeseman,bcheesemanrl@cam.ac.uk,M,1/3/2021
995,Tamara,Clutten,tcluttenrm@google.ca,F,11/2/2020
996,Fanchon,Muttock,fmuttockrn@ameblo.jp,F,11/11/2020
997,Jeanine,Tampin,jtampinro@columbia.edu,F,9/20/2020
998,Alli,Barehead,abareheadrp@nyu.edu,F,5/27/2021
999,Yankee,McParlin,ymcparlinrq@java.com,M,7/6/2021
1000,Arnoldo,Simla,asimlarr@prlog.org,M,6/15/2021
